Avg-Human-Match,Best-Human-Match,Avg-Mouse-Match,Best-Mouse-Match
58.03386488071069,98.958333,54.24675421126751,66.972477
44.92655555076145,87.387387,35.74865165492958,44.036697
38.93440376649739,62.886598,36.79987867183075,60.824742
58.44521166243659,98.26087,59.8853970661972,83.185841
60.007142766497445,92.523364,60.29140539436614,78.703704
59.50022251269036,96.875,56.87870699014075,67.889908
60.619671746192935,99.065421,58.30053857042267,69.158879
60.52935476395942,99.065421,58.28731386619731,69.158879
59.43236059898485,99.065421,58.69572600281682,69.158879
59.43236059898485,99.065421,58.69572600281682,69.158879
59.43236059898485,99.065421,58.69572600281682,69.158879
59.18540958629443,99.065421,58.43168341408436,69.158879
59.43236059898485,99.065421,58.69572600281682,69.158879
59.43236059898485,99.065421,58.69572600281682,69.158879
45.9404511497462,97.272727,38.01445414084513,47.272727
48.14381048984766,91.891892,40.10353259859159,48.113208
60.05152515736037,90.740741,59.73342118873246,78.703704
48.1388744695431,91.818182,39.029044970422426,49.038462
60.67532377918789,95.833333,59.348654898591484,69.724771
60.16650347461935,96.875,57.90704964084499,68.224299
59.43417348223344,98.958333,56.03063451267615,67.708333
59.44511181725887,97.916667,56.653250247887236,66.972477
58.74226788324877,93.75,55.906347308450556,66.055046
58.922452395939146,93.75,57.15807948450684,67.889908
57.21936711675119,90.825688,54.659347923943635,73.148148
46.896838581218205,90.0,37.42502756760569,45.283019
62.82005656091382,98.130841,62.3217677929578,81.481481
57.55916696954319,92.631579,53.29586430140832,65.137615
45.95238972081212,87.272727,38.0355221028169,45.454545
46.08117045685272,78.378378,38.52498416056337,44.545455
44.04938284263959,95.495495,33.643514918309805,41.284404
48.3920927182741,90.909091,38.98910332957742,46.153846
59.15157261167513,90.654206,56.72436342676072,76.635514
45.99201621573599,88.77551,37.788735145070355,44.086022
58.531151598984735,89.814815,58.39877969718302,83.333333
45.491279286802026,90.909091,37.38405317183103,45.454545
48.15048482741117,97.272727,38.8728230478873,48.076923
49.03032813197967,91.891892,40.95439131549301,49.056604
59.34822032233504,98.165138,57.568776733802686,68.807339
47.24484573857863,92.708333,38.884195353521086,44.791667
45.139281873096536,95.412844,36.049916039436646,46.788991
46.2582025050762,98.148148,38.62912709577476,47.222222
58.98150793908634,98.958333,57.104123240844885,67.889908
44.503379373096486,91.666667,36.56729417887321,43.518519
56.016121068527916,93.75,53.7127432169013,62.616822
57.07756161928944,93.75,54.45731769295771,66.055046
59.92199060913697,96.296296,59.14457033239437,80.555556
48.327878418781665,98.198198,38.56824671126758,48.076923
57.25876238071064,95.833333,53.460361077464725,62.385321
60.25252986802017,92.783505,57.3447528323942,78.350515
41.77311083248729,89.795918,37.004958442253375,55.102041
60.39119544416255,94.444444,59.637240822535226,69.444444
57.32126182994928,89.908257,53.25531378732388,65.740741
59.332219281725905,88.888889,58.89704241408455,78.703704
47.32167279695421,88.181818,38.621241659154954,45.192308
49.41923577411161,92.0,55.909546250704196,77.777778
59.42302607106598,92.523364,59.745623163380266,77.777778
49.23925604060914,90.0,39.97589115211277,48.076923
48.84354306345174,86.363636,39.03222837464801,46.153846
60.22186905329946,90.654206,60.01794016197183,80.555556
47.60913947969536,90.909091,38.14260377183097,46.226415
58.099557022842596,90.566038,58.664812845070365,81.481481
47.22830901522843,90.526316,38.58088717323963,45.37037
60.042806550761405,97.916667,57.555753559154816,68.807339
60.48190308375629,92.66055,57.539485536619736,76.851852
60.475846936548194,97.196262,57.35485372816905,68.224299
54.24421930964465,81.481481,54.800683140845074,73.148148
48.035137977157376,89.380531,54.73508728450712,79.79798
56.057747027918744,90.526316,50.81830619859141,60.550459
54.04566015736039,91.150442,56.05956315492949,76.99115
57.645475073604075,96.460177,59.780854690140785,82.142857
59.70250149492377,96.296296,58.33454945492956,78.703704
46.76627288071066,93.0,36.515943211267604,45.0
49.218654967005094,98.181818,39.57324950422531,49.038462
59.466851187817255,97.916667,54.302144354929524,65.625
46.329211588832614,99.074074,38.328274036619824,48.623853
58.820454885786816,96.842105,54.8074958323945,66.315789
60.26116284010151,97.196262,58.07846068450708,68.224299
60.44624371065988,89.52381,59.101173329577506,80.952381
46.34414396446701,92.0,35.52724389577464,41.0
60.95253102284267,90.654206,59.20909115352115,76.635514
60.463841763959394,90.654206,60.71886584647891,80.373832
49.06819163197971,81.818182,40.28337444647899,47.572816
52.43156691624367,99.074074,49.75380256760564,68.518519
52.76550003045686,99.074074,50.02802422112679,69.444444
36.26532681472088,99.107143,31.885512277464727,39.252336
36.57364853045694,99.107143,31.145225978873256,39.252336
35.79271836294422,99.107143,31.06454485633804,38.461538
35.79271836294422,99.107143,31.06454485633804,38.461538
35.79271836294422,99.107143,31.06454485633804,38.461538
36.18086804060916,94.642857,30.81424962957739,38.461538
48.28225755583757,99.090909,39.00364568450703,47.706422
58.19287989086288,92.380952,55.18699776760554,74.285714
47.369441065989854,89.380531,55.045511936619825,80.530973
57.25051270304582,88.888889,55.98059321408445,66.972477
50.24054752030457,93.693694,40.38154384647883,52.083333
45.10549574619288,84.545455,37.622189288732294,44.117647
49.016588441624314,72.44898,53.98276077323929,97.959184
45.07812392385788,87.037037,36.33238333239423,41.666667
58.94083394416247,83.333333,58.256384812676096,76.851852
54.65987465228423,78.504673,56.43382092112671,79.279279
58.445258370558335,87.037037,57.95326562957745,76.851852
46.333908576142164,99.090909,36.5187233985916,43.518519
59.52364052284265,94.736842,57.05259972676043,78.947368
45.9015702817259,81.481481,38.214526074648106,44.859813
56.179751390862904,90.625,51.938484800000005,61.052632
54.115164355329995,98.165138,51.73088093239432,64.761905
54.89314569035539,98.165138,52.59382473521117,65.714286
45.45514920812182,85.585586,36.088383429577505,44.859813
58.65848065228422,89.719626,55.87699005352121,76.635514
58.841054360406126,82.407407,56.744544538028,69.892473
57.57622110913703,90.654206,53.82452000281685,65.420561
62.77553148223346,98.058252,61.327763711267615,78.640777
58.9298413375635,97.916667,56.123823807042314,66.972477
58.9298413375635,97.916667,56.123823807042314,66.972477
56.27613905076144,80.373832,54.47693178169021,78.504673
59.07036476649739,87.037037,57.997376107042314,78.703704
57.53834873857865,85.981308,58.10010433239437,78.703704
47.003301565989894,87.735849,40.77735481690122,47.169811
59.04434788578682,88.596491,59.20927870140845,81.578947
46.24550876395938,84.0,52.54791732112675,81.0
58.85360866497463,91.752577,56.346905215492946,74.074074
45.281995403553246,81.818182,35.10570227183096,44.036697
60.848611078680236,96.116505,59.48892273521125,76.851852
45.329778682741114,85.185185,37.60548965211274,44.230769
40.447111289340185,74.489796,33.61541319859155,41.666667
59.18100570558377,97.916667,56.01858722676049,66.055046
60.09181717512693,87.037037,59.84708221690134,78.703704
56.444460246192854,85.185185,55.70497469014079,72.897196
47.13527421065987,84.684685,39.50676384647885,49.541284
62.4414281954316,98.058252,61.800924378873226,77.777778
57.837777837563415,86.111111,56.449778195774634,74.074074
50.34456833502538,96.330275,56.617396854929595,80.0
58.616745081218184,87.962963,57.32884966619717,75.0
61.101739406091454,94.174757,61.035531816901454,76.851852
48.915615446700535,96.153846,54.88063132816901,81.730769
48.00483741878174,84.684685,41.582199390140815,48.598131
58.64245149238574,91.509434,56.883781583098475,80.555556
49.87371302791887,96.330275,56.3290017521125,80.733945
47.92912722081219,86.792453,40.459580830985786,49.056604
56.6363433324873,88.073394,54.08219646056329,70.37037
59.41564360913707,95.833333,56.386205228168876,66.972477
57.83059365228424,99.074074,57.51851563098589,95.37037
59.775484987309554,96.296296,58.26363868169007,79.62963
56.07244380710666,83.333333,53.06014788168998,64.220183
46.87901261421316,92.727273,36.435805353521076,45.192308
57.37060550761425,88.073394,55.08293497605621,66.055046
48.663170888324856,90.740741,39.87385296478905,48.148148
62.189463350253895,92.23301,62.16884207887334,80.555556
62.7891612969543,94.174757,61.04883075211271,79.439252
56.04710855076143,88.073394,51.276049046478825,63.157895
50.177792593908585,93.80531,56.93444955352126,79.646018
49.39294502538067,93.80531,55.74634458450717,78.787879
57.60160984010151,91.666667,55.94827769577461,66.35514
57.39308887817258,90.526316,53.41736945633787,64.210526
59.87499209137068,94.444444,57.986286132394305,67.592593
53.24505183248732,78.703704,51.025856009859176,68.518519
57.315952192893405,92.727273,54.59919941830988,66.972477
58.94077504568533,91.743119,55.04840998873228,66.666667
59.23367851015222,95.833333,56.75113312394367,67.889908
59.24183009898481,92.523364,55.9085599140844,65.420561
59.84461092131984,88.785047,57.881224464788616,75.925926
48.05626273604056,86.516854,40.113942116901256,46.067416
46.187143324873084,78.26087,38.45529697464787,44.565217
58.90335262182748,98.26087,60.8508562197183,83.185841
57.554917203045655,91.666667,54.860057956338025,65.137615
59.457031791878116,92.592593,57.946613754929594,77.777778
34.759181883248765,50.0,30.437462025352048,41.818182
57.57188667005071,91.666667,57.678094250704135,77.777778
45.63086518781739,95.412844,37.93173485633809,46.788991
46.15680057106594,97.272727,38.58851887464793,47.272727
47.7210618680202,93.636364,38.21436771690139,46.728972
57.8406457030457,83.17757,55.890729542253546,76.635514
54.47058567005078,82.407407,55.33760764788732,81.981982
47.65495330710658,90.909091,39.29727519154934,46.728972
44.776265487309686,82.568807,37.106949373239416,44.339623
58.45838254822334,94.736842,60.841083260563344,82.300885
59.328771091370555,97.916667,57.04121967605621,68.807339
45.88865140862949,84.269663,38.32071833380289,44.954128
50.34462867005082,85.321101,53.53177919436612,98.130841
57.99132424619291,87.378641,56.475793866197186,74.074074
43.93829690609143,86.734694,36.41416120704225,42.056075
58.66057292639598,89.622642,56.828368528169115,73.584906
57.40427820558371,86.666667,55.910430684507055,73.333333
57.4982317284264,89.814815,55.764890505633836,75.925926
55.62589688832487,85.964912,57.318756459154905,78.571429
47.368286982233485,87.387387,37.54313581126769,44.545455
57.617331294416275,89.52381,54.5409054774649,72.641509
43.077471804568454,62.162162,37.241672132394385,45.37037
56.90044121319797,87.850467,54.73751440845069,74.074074
50.202887779187805,93.859649,40.08946158732392,51.041667
60.61805394670055,96.261682,59.16199969436616,75.925926
57.3041349238579,92.982456,57.62468627183093,75.892857
59.1303217258884,87.850467,57.259432338028276,76.635514
45.52041963451777,81.981982,37.015322415492975,45.833333
59.58184169289344,87.850467,58.08789503521132,73.831776
58.341222337563494,93.75,56.966017687323756,69.444444
62.23007732487306,98.130841,61.63644595070429,80.373832
60.86408441370567,96.261682,59.26969752816904,75.700935
57.44500560659898,85.981308,55.895368105633835,72.897196
62.80757442385788,98.130841,61.66028188309864,80.373832
45.529521756345154,99.099099,35.568028829577386,43.269231
44.878093855329894,99.099099,34.99246628169011,42.307692
53.53709649746198,73.333333,54.76619555492954,84.40367
58.52112458629442,96.296296,57.3278791366197,80.555556
57.24854617766491,94.736842,55.3912173633803,75.925926
47.084816959390814,91.818182,38.99072467746478,46.078431
47.347200228426374,91.818182,39.20846403661972,46.153846
57.72478520558372,90.654206,56.93838643380288,66.35514
46.310949776649736,88.181818,37.231026435211184,45.87156
45.14969611675129,84.545455,35.75443922957743,44.954128
41.39925327918783,88.77551,35.24955833239432,56.363636
56.450502126903515,86.111111,52.78067577464783,71.296296
55.43159616497462,82.407407,52.75263760281689,70.37037
47.05277772081224,88.392857,37.9734885577465,47.169811
57.66315689593919,83.962264,58.16777161126774,72.641509
55.10366882487308,99.074074,53.26664258873231,63.888889
58.750190220812215,91.509434,56.55654112957749,82.075472
49.08158012182741,90.0,38.02927674366193,46.153846
56.90401210406086,87.5,54.81281515211245,66.972477
46.56662380456851,86.516854,37.747289122535285,45.37037
50.06436058883246,96.0,56.4134014464788,78.571429
58.910637644670075,90.721649,55.50183210845068,75.0
56.54324319289343,88.888889,53.16763409577464,66.35514
58.028444111675164,88.541667,54.34042741971826,65.740741
49.39228741624362,93.859649,39.35623659295775,50.0
57.84196208375634,99.074074,57.3173490056337,94.444444
47.425562921319816,97.297297,38.86790632535211,48.076923
58.18281340101526,93.457944,54.10830451126753,65.591398
47.81783638578678,90.740741,38.32063881549291,46.153846
57.870266908629446,94.791667,55.04665344507022,65.137615
47.336221337563494,89.622642,40.78626939859141,47.169811
61.174079850253854,94.392523,59.602542195774596,77.777778
47.05966303045681,86.486486,38.32811515070418,44.954128
45.511646662436554,89.320388,39.44984047042247,49.514563
47.79870408629439,86.363636,38.98979979999998,47.222222
47.7210618680202,93.636364,38.21436771690139,46.728972
55.10366882487308,99.074074,53.26664258873231,63.888889
54.621200565989795,99.074074,52.671396332394266,62.962963
55.94788416751269,99.074074,53.93447344225347,64.814815
47.7210618680202,93.636364,38.21436771690139,46.728972
47.65495330710658,90.909091,39.29727519154934,46.728972
44.776265487309686,82.568807,37.106949373239416,44.339623
58.45838254822334,94.736842,60.841083260563344,82.300885
59.328771091370555,97.916667,57.04121967605621,68.807339
45.88865140862949,84.269663,38.32071833380289,44.954128
59.177202766497494,93.75,55.398084399999966,64.220183
55.21402280710653,83.17757,55.07542526760566,73.148148
43.15904220304573,87.755102,36.32538125633803,43.010753
60.57532845431478,92.783505,59.3247854169014,79.62963
46.888848583756406,87.155963,39.73175006901416,48.958333
57.79904137055844,95.575221,59.749261243661955,80.530973
59.23450415989849,87.619048,57.33681873521128,77.777778
59.97424929441621,93.518519,57.63446582112676,77.777778
46.028739043147226,88.181818,37.3959192971831,46.153846
46.868562157360394,87.878788,36.759611808450735,45.833333
58.80969728426396,89.814815,57.395411047887265,76.851852
57.91805111421326,94.736842,54.17700293098599,64.485981
48.90456171827415,97.272727,39.9437422211268,48.623853
51.79867257614211,97.321429,58.537820581690106,81.25
51.41820714467003,97.321429,58.55714017042255,80.357143
57.82037131979704,92.035398,59.71942535633799,79.464286
50.215677248730934,94.642857,57.04682005211264,78.571429
43.88877180710659,88.679245,36.56137330281675,44.339623
56.97685863959384,85.046729,56.31692231830979,73.148148
46.09355140101529,96.938776,39.2201936380283,44.339623
47.47707763959394,82.142857,54.242717936619684,79.464286
47.58460563705582,90.990991,39.63567777323946,46.788991
45.51981938578676,82.882883,37.93372325070423,45.794393
47.69494578172592,90.0,36.7219622352112,43.518519
49.2901548121827,99.090909,39.60376661267613,48.623853
57.68728456345179,93.859649,58.52059503239435,80.357143
47.69926995939083,97.297297,39.3512599521127,48.076923
57.1292541802031,89.908257,55.836082191549174,66.055046
59.312114261421264,99.074074,58.45334358873237,78.703704
42.746117809644645,89.795918,38.13344121267599,60.0
58.60877105837564,83.962264,60.09304349436624,74.766355
45.46310030710662,80.357143,36.60554280281693,42.268041
61.45837356345171,99.065421,60.935875825352234,84.11215
60.88643530710658,99.065421,60.75928867042263,85.046729
58.45159477411171,95.833333,55.11400752253522,66.055046
57.56523646192884,90.740741,54.8997966859155,73.148148
57.34699081218276,88.596491,57.05069487746478,81.578947
49.419669606598916,89.814815,58.4772166957747,98.148148
46.77776697715736,89.090909,37.125512898591516,44.230769
60.39508248223366,95.327103,57.96142454225344,70.37037
49.18202453299495,76.237624,55.624870699999974,83.168317
46.572550906091415,96.938776,38.87815029295771,45.16129
48.527055550761425,96.969697,39.204431705634,46.464646
57.84861364467005,94.791667,53.54526001549285,65.979381
47.53507773857869,79.646018,56.23748850140845,94.690265
45.72475157106597,95.283019,38.07633888450693,45.283019
60.62167929441623,99.065421,60.32454759436619,85.185185
48.45290434010148,81.081081,40.03612352535215,50.0
58.961997312182696,99.074074,59.07369636478872,77.777778
58.961997312182696,99.074074,59.07369636478872,77.777778
58.961997312182696,99.074074,59.07369636478872,77.777778
58.961997312182696,99.074074,59.07369636478872,77.777778
58.30929858883246,93.181818,53.85403328028177,65.909091
48.14500768020299,92.727273,39.125528430985945,48.076923
50.80419424365486,89.814815,59.50613754225363,91.071429
58.3093600634518,81.308411,60.12331080000016,85.046729
51.70162829949236,79.646018,56.90646222957749,88.288288
47.16556227918785,65.137615,50.487104015492925,83.17757
50.21178130964468,79.646018,56.39217152957728,94.594595
47.580053779187814,91.818182,38.58124803943655,46.226415
58.90335262182748,98.26087,60.8508562197183,83.185841
50.93698019543143,86.666667,56.609055822535275,96.153846
55.422589012690345,95.238095,54.1884532507043,77.884615
55.18828507614211,95.238095,55.348585657746554,82.692308
49.288550406091346,97.321429,56.606750445070475,88.392857
48.74449736548222,97.321429,55.9923124394366,86.607143
46.32583855329946,99.090909,36.916537395774604,43.75
58.577928662436605,97.916667,54.59908066619712,65.625
47.25133744670052,92.929293,37.43124819436623,46.728972
61.81959189086299,97.196262,59.74825299014098,78.504673
56.49312439340096,86.792453,55.57285278450704,82.407407
58.13060466751268,89.814815,57.99945664507047,81.481481
56.925976494923795,89.814815,55.52286335211268,75.0
55.68710257106598,90.625,51.27375405633798,62.037037
58.71462080710665,93.457944,55.43110484507022,68.421053
45.80343738578678,88.288288,37.48776234647887,44.117647
45.02161145177667,84.684685,37.58702972535205,45.283019
45.474487337563474,89.814815,37.348069569014065,43.75
44.03250119035536,91.919192,34.046507488732395,43.75
59.42108630710661,90.566038,56.746079474648,75.471698
48.61123412436545,97.272727,39.239430983098686,47.706422
59.188925215736035,91.588785,57.1637486309859,77.777778
57.36529730456853,94.736842,52.46069037605629,63.44086
44.53766029949242,91.743119,35.92740070422531,44.144144
58.68229831218273,90.740741,56.0225115774647,75.925926
57.52105483756347,94.791667,54.2541526901408,64.220183
57.147058842639574,88.181818,53.95198317887323,74.074074
60.88983090101518,93.518519,58.874348183098526,76.851852
60.68385298984773,93.518519,58.281616416901414,77.777778
48.92213714974616,94.545455,39.084239792957746,46.153846
44.83707652284263,76.363636,36.375359342253496,44.791667
60.60604972081221,89.719626,60.35103566901418,80.373832
49.10710518274114,98.198198,39.29828765211269,48.076923
48.89994704314726,97.272727,39.9437422211268,48.623853
50.21538089593905,70.093458,55.10277765774658,97.169811
57.93629146954318,93.684211,54.82847511549291,75.789474
48.66511428680204,96.0,54.55351447323943,80.0
46.665032695431464,93.0,52.22232864225352,78.0
47.785917086294425,93.0,53.4391097,78.0
52.24801906852797,85.321101,55.19562576338019,99.065421
56.00380539086288,89.473684,51.04258835070412,60.0
54.45363264213194,84.210526,52.66983905915494,76.842105
56.243361888324884,80.0,53.66436309718316,73.684211
56.755742464467,86.315789,52.76904436760577,75.789474
56.63100644416243,87.368421,53.17898564647879,64.210526
58.345164154822285,92.380952,55.18699776760554,74.285714
50.79252622842636,74.561404,49.82633876478868,64.60177
57.44247823096446,83.333333,55.97073491408448,77.981651
47.90913937055832,88.288288,39.411503473239534,46.153846
51.149595020304496,98.148148,56.67565358732394,98.148148
51.29044510913698,98.148148,56.24660548450707,96.296296
60.953705203045665,97.196262,58.12228406619714,69.158879
58.32015629949244,96.460177,60.62060754929581,83.185841
57.44247823096446,83.333333,55.97073491408448,77.981651
41.16498063197961,80.769231,33.469867978873324,42.307692
57.15989578426405,87.850467,56.92349629436624,76.635514
57.32097844670056,85.981308,57.84708096338017,78.703704
46.189049081218336,99.074074,38.44000966619728,47.222222
46.490368657360406,86.868687,37.57684754647888,46.153846
43.55173651269035,95.495495,33.09254003239431,41.284404
46.05965755583768,97.247706,38.29863306760576,48.623853
46.37465355076137,87.272727,36.1195693676057,45.87156
44.049404730964554,93.577982,36.303930770422575,46.788991
43.120127071065994,78.301887,36.22849426619713,42.45283
56.41295413451766,82.407407,54.4927239859154,71.962617
56.006150357868,98.230088,57.84253622957745,78.571429
57.61548300761424,98.230088,58.92228618873241,79.646018
56.70074545685284,98.230088,58.50488303239439,78.571429
56.70074545685284,98.230088,58.50488303239439,78.571429
56.006150357868,98.230088,57.84253622957745,78.571429
54.961213662436535,93.80531,57.352456026760535,76.99115
52.23854353807112,92.035398,54.50338050422528,72.566372
56.006150357868,98.230088,57.84253622957745,78.571429
52.23854353807112,92.035398,54.50338050422528,72.566372
54.961213662436535,93.80531,57.352456026760535,76.99115
57.640505225888425,99.115044,59.063182957746484,79.646018
57.83116791116758,99.115044,59.06578188450705,79.646018
57.640505225888425,99.115044,59.063182957746484,79.646018
57.80988233248737,96.460177,59.54772736338026,80.530973
54.400356850253864,81.578947,56.361095453521145,72.566372
60.974767860406146,94.392523,59.809448349295785,77.777778
48.7217235126904,94.736842,42.20965568591575,49.074074
47.18654886040612,94.736842,39.85988830563382,46.315789
47.18654886040612,94.736842,39.85988830563382,46.315789
57.07433256598993,81.481481,57.16200718732392,74.074074
61.667813563451844,96.261682,59.22986088028181,77.777778
47.73879025888332,91.836735,39.46550828169028,46.875
60.653985307106666,90.654206,59.44228264225348,77.570093
57.449801565989816,84.11215,56.24596144647888,69.158879
54.8419294238579,79.130435,60.94311665211263,99.115044
53.25069308375627,71.962617,58.105187492957675,98.148148
47.50796113959392,94.690265,56.56150729154928,99.107143
50.102848809644655,68.571429,55.09347689295783,99.0
50.031468451776625,88.888889,61.049217673239404,99.107143
34.06833899746195,59.793814,33.23968039718283,94.949495
35.38451931979699,58.762887,34.98451462816877,97.979798
46.30201301776649,92.920354,55.594251825352174,98.230088
50.0309535913706,69.52381,54.95139588591546,96.190476
50.38669023604059,69.52381,55.11101508591551,95.238095
53.0276929111675,74.074074,55.32419584647887,91.588785
50.68488561167511,94.444444,60.3603334211268,99.115044
52.777487454314716,75.700935,58.93442738591552,94.623656
53.08064922335022,86.607143,58.883877095774686,95.535714
49.46758129441618,85.981308,54.668268907042346,90.566038
50.67152293401018,80.952381,57.07234721971825,92.523364
50.67152293401018,80.952381,57.07234721971825,92.523364
48.19277095431471,83.333333,54.67809557464783,97.222222
48.91756159644668,85.185185,55.55438739718313,99.074074
37.06657534010157,59.793814,37.009434654929514,98.181818
48.29372493147206,83.333333,54.43028549859153,95.37037
49.028181591370526,86.111111,55.471166473239435,99.074074
51.05488208375635,80.769231,55.89206629014079,97.115385
47.16847159644669,77.142857,54.74154744788736,94.495413
49.43570805329952,80.0,56.93349549295775,94.495413
49.69913969035527,64.356436,56.756937643661914,87.037037
50.42206680456847,70.192308,52.15178433521115,98.076923
50.81124302284267,93.518519,52.802675604225314,92.523364
50.350649238578654,72.380952,58.51145691690136,95.192308
53.63924895177665,88.288288,59.872906016901446,99.099099
50.87041711675124,82.692308,59.46589207605635,99.038462
50.80001035279183,81.730769,59.18998168028168,98.076923
51.26369436802033,96.296296,61.12813769295773,99.107143
52.5496997182741,76.106195,57.76603814366191,99.107143
50.162373522842564,85.185185,55.91158855211264,91.588785
36.38207798477162,59.793814,35.70623954647888,91.818182
50.375661743654796,76.237624,57.62229082957738,92.523364
49.32761137309645,75.0,57.0674107901407,94.690265
51.59856984263958,86.666667,60.182833650704296,99.065421
51.64390993401015,87.619048,59.52906983380282,99.065421
51.12869960913709,85.714286,59.863664043662006,98.130841
50.75852969289338,84.761905,59.17199595774644,99.038462
51.64390993401015,87.619048,59.52906983380282,99.065421
50.75852969289338,84.761905,59.17199595774644,99.038462
50.75852969289338,84.761905,59.17199595774644,99.038462
49.38749640355325,84.761905,56.92466054788735,99.0
48.62738429949229,80.952381,55.51935065774653,95.37037
53.22957889340093,79.047619,60.79475755352113,97.115385
51.62741002284261,75.238095,59.07944825492947,95.192308
53.9919312106599,77.876106,59.35363268169012,98.214286
53.9919312106599,77.876106,59.35363268169012,98.214286
53.9919312106599,77.876106,59.35363268169012,98.214286
51.31259879441627,78.846154,55.601079798591435,98.076923
52.286796507614184,69.158879,57.29364817323951,95.327103
52.70551709137052,71.962617,58.31324003661962,98.148148
49.06166495939086,68.0,53.09089234366197,99.0
51.56600577411173,74.766355,58.38637358309859,96.261682
52.920328535533024,75.892857,58.18953469859155,96.428571
48.987232672588824,87.962963,59.37294654647886,98.230088
52.25498532741116,74.766355,56.95254208591553,98.130841
52.47854349492386,77.570093,58.764844276056365,98.130841
52.52588247208125,75.700935,57.31705030704228,98.130841
51.47162891370566,75.700935,58.12221834084508,96.261682
47.0132724746193,79.0,56.053657628169056,99.107143
55.63818615228431,78.761062,61.190523505633806,98.230088
54.13492236294419,78.761062,60.22785273661976,99.115044
53.360465928933955,72.380952,58.312577442253655,98.095238
50.483309550761405,69.158879,56.14982405915491,97.894737
52.47854349492386,77.570093,58.764844276056365,98.130841
49.16093084010152,84.259259,59.23850200000001,97.321429
50.857341662436575,82.653061,56.41857725915487,93.693694
53.47169584263959,81.308411,58.399419714084395,92.66055
52.56204268274115,75.229358,57.884034711267496,95.37037
54.88577330710664,79.130435,60.74242152676055,98.26087
46.83159372335025,93.75,55.7975659985916,98.214286
54.54519175380714,83.17757,59.35895137323935,99.082569
53.6606816852792,78.761062,59.79031596901411,97.345133
56.25866912436555,80.530973,61.72258933943659,98.230088
53.960665687817254,79.439252,58.735441204225175,99.065421
49.70389021319795,88.888889,60.56141209436623,99.107143
51.78186954314724,72.477064,56.91756729859145,94.495413
49.88042875126903,95.37037,59.66439163943674,99.099099
51.20983552791881,81.188119,59.93833203661972,94.339623
50.98224756852792,92.523364,53.81001470985923,91.588785
47.294374030456844,65.740741,53.65676769436617,95.412844
54.181191964467,80.357143,58.204286432394326,98.214286
50.77271590609138,83.809524,59.250513640845114,99.038462
51.061611441624365,97.222222,61.11127390563382,99.107143
50.463499634517795,76.923077,54.403372984507065,99.038462
50.74870281472085,77.884615,54.58248349154934,99.038462
49.673165170050794,68.224299,55.30096409436602,97.142857
47.92761154822334,75.675676,55.54342236338019,96.396396
48.317824027918746,78.378378,56.39609567042248,96.396396
51.603904827411085,73.831776,56.06613962253508,97.196262
48.75792785279188,70.408163,53.46365132535205,98.198198
49.367555418781684,72.44898,54.293262188732285,98.198198
51.52549720558374,95.37037,61.55909866901411,99.107143
51.97920924873099,75.0,57.14773414507045,99.107143
52.7898143502538,88.785047,56.79703409436629,92.45283
49.56897625380705,74.285714,57.07918716056341,99.074074
49.56897625380705,74.285714,57.07918716056341,99.074074
49.68685081472073,74.285714,57.35374630000005,99.074074
50.484540880710725,76.190476,58.16657379718301,97.196262
46.92640037055842,78.0,55.7100327464789,97.321429
46.92640037055842,78.0,55.7100327464789,97.321429
50.57670094670048,97.169811,54.487736873239406,98.113208
50.62128825380713,97.169811,54.45178096197183,98.113208
47.46564878426395,90.0,56.83794924366198,99.0
52.19301247969545,78.070175,57.37300298169022,92.035398
51.29155255076137,77.272727,57.55774552816897,95.454545
50.34335864467007,80.909091,57.42774477746478,92.727273
51.079033875634494,77.272727,57.133814245070404,95.454545
49.70719842131981,87.037037,60.45330943943658,97.321429
51.64390993401015,87.619048,59.52906983380282,99.065421
51.64390993401015,87.619048,59.52906983380282,99.065421
51.64390993401015,87.619048,59.52906983380282,99.065421
50.681050088832485,85.714286,59.302790092957686,98.130841
51.64390993401015,87.619048,59.52906983380282,99.065421
51.64390993401015,87.619048,59.52906983380282,99.065421
51.014198017766454,74.528302,54.632470647887395,93.548387
54.384954629441616,81.578947,60.7637485098592,94.690265
53.0187462715736,85.714286,59.6475798352113,96.396396
50.38792251776648,87.037037,59.89116375211273,94.642857
49.59427595685285,84.761905,57.03175831408457,89.622642
53.241858807106624,71.962617,58.065305621126775,98.130841
47.44281404060913,94.690265,56.334879028169,98.230088
53.241858807106624,71.962617,58.065305621126775,98.130841
46.514090190355375,79.0,55.41515215492957,97.321429
37.066379885786866,60.824742,37.146763235211225,98.181818
53.41271179187814,78.504673,59.705218922535124,99.074074
54.52760246954316,79.646018,60.40706561971831,99.115044
48.98916040862948,83.333333,57.96461549577456,96.969697
47.937753223350185,73.333333,55.76470423380283,89.719626
50.63919320304573,81.904762,59.1445937197184,98.113208
50.3852586446701,82.857143,59.189174215493004,98.113208
50.3779669771574,80.952381,58.77797294225357,98.113208
50.3852586446701,82.857143,59.189174215493004,98.113208
52.760236913705626,86.734694,59.27176080985904,96.396396
53.195707535532954,81.981982,59.17543928591555,99.099099
53.195707535532954,81.981982,59.17543928591555,99.099099
53.7893245482233,78.095238,60.84313913380283,91.666667
50.09025537055841,90.740741,60.78684865915509,99.0
51.220033928934,96.296296,60.93695868169016,99.107143
47.61237917005079,77.570093,55.672264040844986,94.392523
47.61237917005079,77.570093,55.672264040844986,94.392523
52.63271660913703,83.17757,58.09835762535213,98.113208
51.47464713197964,84.693878,57.951159235211136,98.198198
52.38211874111675,84.693878,58.53348034225344,98.198198
49.41579255329948,73.333333,57.31969189859156,87.735849
50.789628340101586,96.296296,60.4199238309859,99.099099
52.27730790609136,74.285714,58.4342579704224,95.833333
52.48423017766489,73.831776,56.76990696619707,92.592593
52.23445491116753,73.831776,56.62973189295761,92.66055
49.60344863197966,89.814815,60.450655638028216,99.107143
52.38211874111675,84.693878,58.53348034225344,98.198198
44.66314590355334,75.892857,53.79106482112684,89.285714
53.30789184517771,79.464286,59.10288343661972,99.107143
52.45681496192891,78.571429,58.47599651126765,99.107143
50.617302822335,76.0,59.042524977464744,85.714286
52.5665198426396,73.267327,59.77054863098593,95.192308
54.064065065989936,82.142857,58.436557919718354,97.321429
49.90377184010155,90.654206,56.120371335211374,93.457944
48.45890228426395,87.962963,59.08738473661966,92.857143
52.35939627157354,77.570093,58.97417865492947,98.148148
52.80339420812185,76.106195,57.86874284084513,98.214286
49.13486554822337,70.29703,56.46444837183106,97.087379
50.2451717182741,70.754717,52.46239156338026,98.113208
48.77548313705578,81.904762,56.03479444647896,93.0
54.19974713197967,79.439252,58.99984272957738,99.065421
45.294400715736074,71.428571,52.750649867605624,99.122807
53.652593647208164,91.836735,60.23783116901402,91.891892
45.259603271573624,72.321429,52.8566992422535,99.122807
50.52725977918778,73.333333,58.88217242535217,98.148148
50.184348611675084,73.267327,58.19072423521123,98.148148
49.65638118527914,72.277228,57.69041378028165,98.148148
50.00215322842635,72.380952,58.22959833661972,98.148148
49.65638118527914,72.277228,57.69041378028165,98.148148
50.184348611675084,73.267327,58.19072423521123,98.148148
49.65638118527914,72.277228,57.69041378028165,98.148148
49.65638118527914,72.277228,57.69041378028165,98.148148
50.485743934010095,77.142857,57.787483666197176,93.457944
50.184348611675084,73.267327,58.19072423521123,98.148148
49.564891304568526,80.0,56.679016940845024,86.666667
49.188808416243624,92.592593,58.235737973239374,96.363636
53.32612653299502,73.148148,55.10722345633805,97.196262
51.49089241370561,91.666667,61.40003442535219,95.535714
47.0449065101523,91.964286,56.31660237887337,96.428571
49.7977137538071,93.518519,59.59436649154927,94.736842
53.68029197715736,89.814815,56.28708844929579,96.296296
47.31204334010154,83.333333,55.87102909577455,99.082569
51.334173020304576,72.115385,57.508506159154756,94.230769
47.25117093401018,83.333333,55.76324814225348,99.082569
51.37007478426396,83.168317,60.138449661971904,94.339623
53.33597815228422,72.641509,55.04628743380287,94.339623
51.62091610659892,74.257426,59.32592687042246,92.592593
52.34338977664983,84.11215,55.7680854704226,92.523364
46.665613687817284,64.150943,50.945900228168966,99.056604
47.05968727157365,64.761905,51.18812650422534,99.047619
48.91234045177663,64.60177,54.44484197183094,99.115044
46.90475307614213,64.423077,50.7533434239437,99.038462
47.48997892131981,65.384615,52.04295112957744,99.038462
47.80356184263963,66.346154,52.25854329859159,99.038462
47.950802824873165,66.666667,52.68517487183095,99.038462
49.27409550507612,64.912281,54.79045408309858,99.115044
49.275049799492365,64.912281,54.89672118450702,99.115044
55.408827862944214,79.646018,60.96634890563384,99.115044
48.85717713705579,64.60177,55.077293657746495,99.115044
54.723769946700514,80.0,59.171016880281734,99.090909
49.70183558375627,75.757576,53.76520068873234,94.949495
55.30311615482235,79.646018,60.77136174366199,99.115044
45.56580686040609,73.214286,53.48904202394365,98.214286
49.17236839847713,64.60177,55.31764113521129,98.230088
49.46705996700506,89.814815,58.68823706338028,92.982456
51.13854032233496,76.767677,54.67504862957732,94.949495
50.53395407106599,75.961538,55.066518905633764,94.949495
44.189853332487296,71.428571,52.15804956901405,98.214286
50.82437137055836,75.238095,58.22255910000003,84.90566
52.83187242893396,71.287129,59.46024308591549,97.222222
49.934159063451794,70.754717,52.1048646323944,98.113208
52.11919548223351,83.035714,58.16941374788731,93.693694
51.44456380203047,84.313725,59.305352233802715,99.019608
47.57967341878174,77.142857,55.101769961971875,92.929293
50.008523553299504,78.095238,58.253740108450714,99.065421
49.021234553299514,76.190476,56.65108928169016,98.130841
49.021234553299514,76.190476,56.65108928169016,98.130841
49.94474569796954,78.095238,57.97721838309867,99.065421
49.021234553299514,76.190476,56.65108928169016,98.130841
49.021234553299514,76.190476,56.65108928169016,98.130841
45.18907994670054,76.576577,53.210429559154925,96.396396
49.021234553299514,76.190476,56.65108928169016,98.130841
49.021234553299514,76.190476,56.65108928169016,98.130841
47.20244980710662,80.357143,56.44390420140847,99.107143
47.17221271319797,80.357143,56.563074735211295,99.107143
47.217215378172604,75.0,54.884895499999956,91.150442
49.94474569796954,78.095238,57.97721838309867,99.065421
49.92503777157364,78.095238,57.93444220704231,99.065421
36.40743029695437,58.762887,36.29183006478865,98.214286
48.05467880456852,72.380952,56.05357167042256,95.327103
49.5461271294417,77.142857,57.71738827887329,99.065421
52.815973855329965,99.065421,55.6768631535213,92.523364
51.606359730964535,73.076923,58.11966194366193,97.115385
46.332882071065995,79.464286,55.72656090140837,97.321429
52.04776549746198,74.257426,58.603606756337996,97.115385
54.084405675126916,82.474227,57.05962680563349,98.969072
49.33206840862946,77.777778,57.53351327464796,94.690265
50.95653724619292,76.28866,55.47578157746454,97.938144
52.810632408629445,74.074074,55.848602485915464,99.074074
53.043501606599,74.074074,56.308968097182984,99.074074
52.342850373096454,75.0,55.648799029577454,98.148148
51.08176726903551,74.074074,54.16241881971831,96.296296
47.13920267766496,75.0,55.87103084225346,91.964286
51.17140863451776,96.296296,60.8746304521127,99.107143
51.58600890862945,87.619048,60.091931442253625,95.283019
49.22068183502538,84.259259,58.40306875070418,95.959596
47.10601910913708,85.185185,57.9154656295775,91.964286
50.5263243071066,89.814815,61.070862192957726,99.107143
50.5263243071066,89.814815,61.070862192957726,99.107143
48.527805368020275,87.037037,59.23335543239432,96.428571
49.93849852791874,88.888889,60.810354921126674,99.107143
49.181902449238585,87.962963,59.89762812816903,98.214286
50.5263243071066,89.814815,61.070862192957726,99.107143
50.06529971319799,89.622642,54.81048400281697,99.056604
49.430678401015236,88.679245,53.93478805352123,99.056604
53.402299195431524,78.504673,58.697123054929676,99.065421
48.38925617766495,86.792453,53.21040072535218,95.283019
51.88376111928938,74.766355,56.74778526056343,93.548387
51.03596274873095,76.635514,57.354224921126786,96.261682
48.372203969543165,85.849057,52.51243585352117,98.113208
49.01091815482234,87.735849,52.99383395492962,98.113208
52.05657414720813,82.075472,57.33793524788743,99.056604
50.49781559644667,76.635514,55.133686488732394,98.130841
50.99035216497461,75.700935,55.622946076056365,98.130841
52.03294824873092,81.308411,57.39783821267623,99.056604
50.300761114213174,72.277228,58.243312023943695,98.113208
47.107772469543164,94.642857,55.555860857746495,91.964286
50.465961096446684,86.111111,59.96301558309871,94.642857
47.62799401522843,80.0,56.59208180140848,99.107143
51.71119532741112,90.740741,60.59135857183105,94.642857
49.668375751269046,86.111111,58.98138834929566,93.75
47.362220025380665,77.0,55.82508298873242,96.428571
53.12399573604066,75.892857,58.156947266197186,98.214286
48.5346476928934,70.093458,52.07750935774656,98.130841
51.426077347715776,95.327103,54.782047773239505,97.196262
54.789747124365505,77.192982,59.76044526056343,95.575221
51.611333060913736,78.846154,56.16059416056335,97.115385
48.64836246192894,70.093458,52.195845230985974,99.065421
48.96905143401011,71.028037,52.527515415493106,99.065421
53.433582845177725,77.678571,58.76916072816906,98.214286
52.20519554060917,84.40367,52.23263900422526,68.807339
50.60904514467003,96.296296,60.50387663802825,98.214286
51.17140863451776,96.296296,60.8746304521127,99.107143
46.6596954390863,80.0,55.734186757746485,98.214286
49.38406399746191,85.185185,59.89302027323944,95.575221
36.081638992385834,56.701031,35.69804816056334,91.964286
52.72141832741114,75.892857,57.5062907084507,98.214286
43.776243365482266,75.229358,51.7577631028169,96.330275
49.21867429187817,88.888889,60.0298131887324,98.214286
50.45309043147207,85.714286,58.63107282112678,95.283019
51.41319828680196,77.777778,55.558328778873076,95.37037
53.55242465228427,77.192982,59.05042990563375,93.859649
49.833435728426366,87.962963,60.276874178873335,97.321429
47.44756906091367,92.920354,56.56580420140848,97.345133
51.273494814720806,75.700935,57.60740919577471,95.698925
46.12027113705584,79.0,55.01944967887323,98.214286
47.621335050761424,80.0,56.62166242676062,99.107143
50.570288058375596,89.814815,60.83950600845065,99.107143
51.11291482487313,87.962963,60.918631835211265,98.214286
52.08794783502541,77.477477,58.2059773507042,97.321429
50.67575768527917,90.178571,60.4567903802817,98.214286
45.86400486548224,79.0,55.11049576760564,98.214286
50.71343102791876,93.518519,60.38105666197195,97.321429
47.07694487817259,79.0,55.76147743239435,99.107143
47.422459949238586,80.0,56.316133476056315,99.107143
49.47562974111672,87.962963,59.75068759436614,97.321429
50.16965193401012,91.666667,59.41541536197184,94.690265
47.71831516243655,78.0,56.02502880000004,98.214286
50.291109281725944,82.857143,58.270933964788824,91.509434
50.16411140355332,90.740741,60.813301484507186,98.214286
48.18065853807105,82.407407,58.02340946197183,97.321429
45.56433625126907,82.524272,54.23876665774646,97.087379
50.03119594670048,89.814815,60.91333860845071,99.115044
46.604125253807105,84.466019,55.53543555352105,97.087379
49.69983322081224,83.333333,59.633243418309966,93.75
47.160029733502576,83.495146,55.927019153521094,93.203883
50.75472076649744,73.831776,57.01470951408454,94.623656
50.943505401015216,76.190476,59.127782794366084,93.518519
53.655352654822295,80.373832,59.141971319718266,95.876289
53.413022230964444,78.504673,58.73227594647878,99.074074
53.413022230964444,78.504673,58.73227594647878,99.074074
53.413022230964444,78.504673,58.73227594647878,99.074074
53.413022230964444,78.504673,58.73227594647878,99.074074
53.413022230964444,78.504673,58.73227594647878,99.074074
53.413022230964444,78.504673,58.73227594647878,99.074074
53.338692159898486,79.569892,55.59594119014081,98.924731
54.15354386040609,80.645161,56.37437520422545,98.924731
54.15354386040609,80.645161,56.37437520422545,98.924731
53.413022230964444,78.504673,58.73227594647878,99.074074
53.75641569796951,77.570093,60.13722067605623,99.074074
53.96120769796952,78.504673,60.0941707070422,98.148148
50.63108756852788,74.766355,56.91746060704225,94.444444
52.63734891116748,74.766355,59.06293517183085,90.740741
53.45711775634524,76.635514,58.61804730985935,97.196262
53.10553054314728,77.570093,58.45424568169027,97.196262
51.56654562690348,75.0,58.03796709718302,96.296296
53.1096416116751,76.635514,59.53584664647886,98.148148
52.235241139593846,75.700935,58.99476317605619,95.37037
53.30840317005077,79.439252,59.27619375352108,98.148148
52.90958009644671,75.700935,57.84624635915494,96.261682
54.2844647055838,79.439252,58.947987332394405,98.130841
49.90310484263968,68.571429,54.45640242535203,92.592593
50.33116651522843,75.700935,56.16622674225358,91.588785
47.8538437005076,78.095238,55.92019296056336,91.919192
50.11681657868018,88.888889,60.48822932253521,92.857143
43.5396327893401,57.943925,46.427248745070436,95.327103
52.57158763959386,80.555556,57.56383353239431,99.038462
52.06512302284256,78.703704,57.0563434521127,98.148148
52.308908205583776,80.769231,56.86835424647884,99.038462
52.30110057360406,69.158879,57.29094794788727,95.327103
52.30110057360406,69.158879,57.29094794788727,95.327103
47.400898647208116,67.619048,55.212548064788784,88.679245
55.095769312182746,81.904762,59.57459954929589,98.969072
51.19537646700509,87.037037,52.87062297464781,94.444444
50.13109878680201,93.518519,58.80133990281712,95.614035
52.340491685279204,76.635514,56.573649430985924,93.333333
52.94295611421318,73.076923,59.36289223802813,99.038462
52.88224252030458,78.504673,58.99210791690146,98.924731
50.19855955076139,76.190476,58.37049309859158,89.622642
50.19966174619291,73.076923,58.33074753098594,89.423077
51.570348568527976,95.37037,61.12487182253524,99.115044
51.570348568527976,95.37037,61.12487182253524,99.115044
50.14580180456853,94.444444,59.93378055211275,96.491228
51.418652058375635,88.679245,55.19199445915496,92.45283
54.25322376649749,74.074074,56.441356714084506,98.130841
52.72843258629446,75.221239,58.665813614084556,93.80531
46.420156266497465,92.035398,55.03394070140853,99.115044
46.465945091370564,91.150442,54.988678281690234,99.115044
53.60057934517771,78.504673,58.568886946478905,99.065421
52.28156445177668,78.181818,57.327245618309966,96.363636
45.617247967005056,91.150442,54.089134557746526,97.345133
46.66712810659897,88.495575,55.097888159154934,97.345133
46.89957344923853,71.296296,53.5848313704225,92.920354
50.47831123857861,96.296296,60.47336385070418,99.107143
46.465945091370564,91.150442,54.988678281690234,99.115044
48.59763711167511,87.962963,59.74056411690137,98.214286
36.38207798477162,59.793814,35.70623954647888,91.818182
51.35428637817245,78.703704,56.31274850140829,93.457944
35.59132673350259,58.762887,35.54434844929566,98.214286
52.95041106598988,85.840708,58.806525691549304,99.115044
54.308176045685265,86.725664,60.84953064929576,97.345133
53.472484220812134,86.725664,59.65725338732396,99.115044
53.769898451776676,85.840708,60.06951481690136,95.575221
50.74134809137055,84.693878,57.38524008732401,81.481481
50.537227050761366,78.095238,57.15197252253528,92.523364
49.65826432233497,87.962963,60.24761655915484,95.575221
56.01818386040613,78.703704,58.06441949577462,94.392523
48.118389601522885,67.28972,54.35788693943655,95.412844
51.90419390862944,73.267327,60.01421729295754,95.192308
49.65826432233497,87.962963,60.24761655915484,95.575221
54.31033820812185,82.242991,59.225849219718214,99.082569
48.180983560913724,69.026549,53.23853478591549,69.911504
50.78309689340103,80.952381,55.07081498873243,90.47619
51.74137572588833,80.530973,57.10506707464789,90.990991
53.46079651776653,81.308411,58.42089613239425,99.082569
49.17787128426396,87.962963,59.860135759154915,98.214286
50.484111741116706,69.158879,55.223541828169026,97.0
49.56563278426389,87.755102,54.471224464788605,88.888889
53.65501589086297,86.486486,59.72924135352113,94.594595
49.50913625888323,78.504673,54.53399973380286,90.654206
50.484111741116706,69.158879,55.223541828169026,97.0
54.61349174619288,79.824561,60.3122540507043,94.690265
46.96807163959389,67.592593,49.59622425915501,88.785047
53.669986190355374,79.439252,58.678385430985784,98.924731
55.19933716751273,74.766355,57.03555554225358,98.130841
50.09080673857864,79.807692,58.4170817774648,88.461538
56.03488231218277,77.358491,57.537208188732556,93.396226
50.11926750253807,86.111111,59.78936159295772,94.642857
52.791235736040655,77.570093,58.06720828169016,95.698925
52.589272730964375,78.703704,58.15487587323927,93.457944
51.859377479695446,75.238095,59.59525254929589,89.622642
51.65647190609133,83.673469,58.44212554929573,95.495495
52.743255761421345,87.387387,59.04164492253517,99.099099
50.33248205329944,75.238095,57.62279672535208,89.814815
50.91606856598989,74.285714,59.66910940000007,95.283019
52.94691676649743,79.279279,59.04022088873243,97.297297
51.21199904060918,93.457944,57.28339847746495,95.327103
48.57422464213197,82.0,55.38011800563381,99.0
52.04013237309649,76.635514,56.5718163042254,92.523364
50.891030296954305,89.814815,61.10614458873241,99.107143
49.879009964466995,89.814815,60.71836277183097,99.115044
50.891030296954305,89.814815,61.10614458873241,99.107143
50.891030296954305,89.814815,61.10614458873241,99.107143
50.891030296954305,89.814815,61.10614458873241,99.107143
49.188737758883235,76.190476,57.61961438732396,87.735849
53.24670577157363,79.646018,58.50012842676058,89.380531
46.39329990101523,92.857143,55.636486477464864,97.321429
48.70770737055835,91.666667,58.67557992676056,92.857143
37.14155494162446,56.701031,36.54336662253516,97.247706
36.93275557360413,55.045872,36.6535797014084,97.247706
37.04912361928939,60.824742,36.89801697183097,92.66055
54.60022736294418,80.530973,60.399570471830984,98.230088
50.0600063071066,90.265487,55.993241749295784,99.115044
50.55768509137053,91.150442,56.412807260563355,99.115044
51.375256312182756,83.185841,57.32677207323942,99.115044
50.8321499467005,75.238095,59.33746770845065,89.814815
51.10653851522839,80.952381,60.32002578028166,93.457944
50.66590651015233,76.146789,55.934247897183056,77.981651
52.948592388324876,70.47619,60.06697669577472,97.247706
50.45915449999995,82.300885,56.41763057605629,99.115044
50.76480237563452,84.070796,57.425512104225334,99.115044
49.66184664974623,93.80531,56.35428384084505,96.396396
37.09948892131987,60.824742,36.79574042253519,99.090909
53.27157329441622,81.981982,59.50574198309864,99.099099
50.55144481218267,81.188119,58.52381810140841,94.339623
52.89779920304571,75.221239,58.23446214788738,94.690265
53.55242465228427,77.192982,59.05042990563375,93.859649
52.46247985532993,76.315789,57.93187577605631,91.964286
52.39237766497467,74.038462,58.920066805633695,99.038462
47.130771167512684,79.464286,56.495480821126804,99.107143
53.004112700507605,78.301887,57.731741757746605,98.924731
53.21345592639597,78.301887,57.84932580000004,97.849462
51.15190201015237,77.142857,58.916827132394474,94.339623
51.5181434847716,78.095238,59.764033200000114,96.226415
52.36275092639597,79.047619,60.88174606478878,96.226415
56.04446600761428,77.142857,57.91932401267612,94.392523
50.576616794416275,89.719626,56.6681666352114,92.523364
47.51780192385789,85.185185,58.57094413380276,94.690265
50.615631789340114,97.222222,60.00393545492959,98.245614
46.540038583756285,75.757576,53.25471816338045,92.929293
50.22926373604057,72.897196,54.79185197464797,85.046729
50.19855955076139,76.190476,58.37049309859158,89.622642
50.10459213705584,87.755102,55.886710508450676,90.09009
53.20880019035536,79.439252,59.49924141408443,99.074074
49.593229751269014,68.867925,51.87265554647885,92.45283
50.39347130203043,87.962963,61.03317579014075,98.230088
52.547990639593905,76.041667,58.34543060281692,95.833333
50.07171732487306,68.421053,52.66030595633809,97.894737
52.40440350253805,90.526316,52.18868616901413,90.526316
52.88216832487314,73.451327,57.015203123943614,90.178571
50.04857213705577,74.285714,59.598417766197315,92.45283
47.82319243401016,93.75,56.00132821126767,99.107143
47.347579631979734,84.259259,56.57005290563381,97.0
51.05488208375635,80.769231,55.89206629014079,97.115385
51.084303053299436,87.619048,59.1968734084507,97.196262
52.01976156345182,76.635514,55.61204414507045,88.785047
48.204969362944205,66.35514,53.9295233718311,93.333333
51.93671899746193,89.719626,54.77657051549302,96.261682
50.636760804568524,89.719626,52.9469334450705,92.523364
50.32076656852787,79.047619,58.40256499999989,91.509434
40.585308822335016,57.522124,46.925954180281714,69.642857
47.83757710913705,71.428571,55.87849828873242,93.457944
52.98970804060918,77.678571,58.150236923943616,99.038462
47.45558317766496,77.272727,56.47873924929578,91.071429
49.288019807106565,90.740741,60.31293094647895,98.214286
51.83893542385784,78.378378,58.33024469295773,94.594595
50.29213590609137,82.857143,59.43701075774646,94.392523
52.394262588832476,89.814815,54.997225883098544,98.130841
51.946989461929,87.850467,54.4323422042254,98.130841
51.74964964974616,90.566038,53.88155366478875,94.339623
50.58141012182746,77.142857,59.402211178873294,89.423077
53.36426496446703,79.464286,58.40831238873244,94.642857
54.487468395939125,81.25,58.69376640281694,98.214286
48.128695639593836,89.89899,57.17560656197199,98.989899
36.198412885786844,58.181818,35.9144782605633,96.363636
43.23909700761422,57.009346,46.10371151690142,95.327103
50.92580889086298,74.766355,57.58599630704232,92.523364
52.96278422081218,80.952381,58.97408930140833,88.888889
50.67616234010152,84.11215,54.27168817183106,92.523364
50.59059759898482,85.981308,55.43236340704237,96.261682
50.14601808629448,85.046729,54.67794554225361,98.130841
50.14601808629448,85.046729,54.67794554225361,98.130841
50.65364229441628,85.046729,55.339089297183186,98.130841
51.4812175431472,92.592593,60.54142898732408,95.535714
53.99304013959392,76.99115,57.72437688732395,91.964286
55.90311395685279,78.947368,61.00490456478871,96.460177
53.25347921319795,75.925926,57.74214236197173,95.37037
51.6830375659897,81.481481,57.441510869013996,96.261682
48.81679987563451,77.777778,57.480062767605695,94.642857
53.447363413705645,79.439252,59.60652179718318,99.065421
50.084680038071106,92.592593,59.1533585830987,95.535714
52.05061340101525,72.897196,55.84447885211279,88.785047
46.23447151522844,83.333333,55.94383640140839,90.178571
51.2312716167513,95.37037,61.054543722535314,99.107143
52.22345197208122,76.530612,57.99962507183098,92.307692
51.80795497208128,92.592593,61.70157428028171,95.535714
53.11848057614216,77.876106,58.87411448169022,96.460177
50.35139653045685,79.816514,55.28821635774643,90.654206
46.87262202284262,70.093458,50.383334329577515,72.897196
48.65044571573599,94.897959,53.57309359999994,97.321429
49.364669997461874,97.959184,54.88799684084506,97.321429
51.0587083350254,98.148148,60.968690543662,99.107143
53.06184397208115,76.851852,58.20682828028156,91.588785
50.29253530203053,89.814815,56.17554460985914,93.457944
52.22075909390862,74.336283,57.24553961267601,99.038462
49.96550841370559,82.075472,60.16016434507053,94.339623
56.330963588832546,78.095238,58.15142530985927,96.261682
57.23024003045694,78.095238,59.548328560563554,96.261682
48.433350738578675,79.62963,56.518714774647826,91.919192
36.442278885786855,57.731959,36.70656265070417,95.454545
49.25514998223351,92.727273,55.73434206197179,93.636364
52.77667298477163,85.714286,57.34506390140842,99.107143
52.8297002868021,84.821429,57.55325462112676,99.107143
52.93614396954322,84.821429,57.65176148450705,99.107143
49.903457560913694,94.594595,56.08725618169012,96.396396
55.99369163959399,76.635514,57.893303225352234,96.261682
49.85579646192895,90.09009,56.849622008450616,91.891892
48.82887272588831,80.952381,57.58968404366192,94.392523
54.818395322335,83.185841,61.182959622535265,94.690265
49.349482847715706,69.52381,58.46704643802822,88.888889
52.07586657106596,75.438596,57.24894839577473,92.920354
52.49546024619284,76.106195,58.54216722535217,94.690265
50.423431977157364,83.673469,57.520178661971805,85.714286
51.467395345177664,86.734694,57.21086097042252,89.189189
51.34744993908627,72.807018,56.288291901408485,91.150442
47.40192886802037,86.111111,56.463026015492964,93.80531
52.84793277918786,86.915888,55.830271174648,94.392523
52.171810040609174,85.981308,55.23132038028177,93.457944
52.07315929187822,87.155963,54.74046423098578,96.296296
50.46565044416241,67.592593,54.75696117464767,87.850467
50.29579960913706,74.766355,57.779952850704326,88.679245
50.83069400253811,91.588785,53.502857945070524,93.457944
49.664830162436516,87.037037,60.002858642253614,97.321429
50.22661686040604,91.588785,56.820864870422604,99.065421
51.357046507614214,93.518519,61.02474038591551,97.321429
53.571833713198004,85.046729,58.67539405915495,93.457944
53.682220842639616,81.578947,59.67641732957746,92.982456
48.00650470304566,85.185185,58.18799987042263,91.071429
52.52188169543145,86.607143,58.42122825352112,96.396396
50.21582297715744,78.095238,58.526154480281754,92.523364
52.253894857868026,80.952381,60.60695116056352,99.065421
50.31500877157369,81.904762,59.46955372535209,93.457944
53.065371545685274,76.190476,61.068334552112624,88.073394
49.196834672588864,73.333333,58.310148873239484,93.457944
52.46253392385782,77.142857,61.00509502535201,90.825688
51.726863378172574,76.699029,59.91498730985926,89.320388
50.96962787563456,76.190476,58.33410389999989,88.461538
50.96962787563456,76.190476,58.33410389999989,88.461538
50.96962787563456,76.190476,58.33410389999989,88.461538
50.96962787563456,76.190476,58.33410389999989,88.461538
50.96962787563456,76.190476,58.33410389999989,88.461538
51.49892074365475,79.207921,60.29088056760562,92.592593
54.149299322334976,78.095238,61.901250776056436,93.457944
53.313711131979666,78.571429,59.918870430986054,99.107143
51.723748423857856,68.571429,58.18310356478867,97.247706
51.63539291370562,78.378378,57.90505370985909,97.321429
47.84377226903554,80.18018,54.94974843802819,95.495495
52.62292990101526,79.279279,58.78459884366205,97.321429
50.20316048223355,74.285714,59.0569321492957,95.412844
49.88700306852791,82.857143,59.00948095633804,97.196262
53.11681354060908,77.678571,59.64187673943671,99.107143
53.71753256598983,72.380952,61.36434854929572,92.307692
49.88700306852791,82.857143,59.00948095633804,97.196262
50.704950439086325,74.257426,57.90500290281684,92.66055
51.976932091370564,77.477477,58.29653422957758,97.321429
53.26644167005075,72.380952,60.31990441126762,97.247706
49.06924219796957,79.207921,57.04923504647894,93.396226
48.38451061167514,74.257426,55.95614808732385,93.396226
52.76155204568528,80.952381,60.66688825774651,98.130841
51.75127079187826,79.047619,60.13256773098602,95.327103
51.25263771065995,77.142857,59.16972279718325,95.327103
52.86004789340098,77.678571,58.476129556338066,93.75
52.80184481218277,78.571429,59.46532264084516,98.214286
50.628844215736045,78.217822,60.00065308309872,90.654206
50.21870245685279,71.428571,58.93154801126751,95.412844
53.58112919543148,85.185185,58.71742101830985,93.518519
49.945532796954296,97.222222,59.83863783239447,99.107143
53.11923157360404,85.046729,57.41801017605637,92.473118
51.34544561421325,82.242991,56.80939628732404,92.307692
52.682422002538054,76.315789,59.14873413943668,92.105263
50.82382663705588,73.333333,59.24771178028169,88.679245
50.587489972081165,75.238095,59.208504554929526,95.283019
53.84986883756348,80.373832,59.83003485774651,98.130841
50.76456543147207,96.153846,57.691295167605574,91.346154
49.867812606598974,90.740741,52.38235143521121,92.523364
51.105667025380725,72.897196,54.05697293521132,96.226415
37.09948892131987,60.824742,36.79574042253519,99.090909
37.09232756345183,60.824742,37.19254372253518,99.090909
36.75105303807112,59.090909,36.355349663380245,93.636364
37.09948892131987,60.824742,36.79574042253519,99.090909
36.05582709898484,60.824742,36.05754239999995,97.272727
37.09948892131987,60.824742,36.79574042253519,99.090909
37.01743137055843,59.793814,37.64612097042253,98.181818
37.09068125380715,60.824742,36.78451863661967,92.727273
37.06039760913712,56.701031,36.36670013380279,97.247706
36.84336425888331,56.363636,36.45633807746475,97.247706
50.03329231472079,92.592593,59.2772081577465,94.642857
56.49217903553302,79.439252,57.898173474647855,73.148148
53.10881473857865,74.766355,56.177037667605724,92.523364
51.59236054060917,73.831776,54.57823483239447,91.588785
48.54223223096448,63.551402,52.63871946338038,74.285714
52.62934881218279,71.962617,55.73005490140855,92.523364
50.39264089847717,85.046729,54.46940065070426,97.196262
51.24082937055841,86.915888,55.39188829859163,94.392523
53.621860152284285,77.570093,59.049488564788874,90.654206
51.102999545685286,92.523364,57.68967434788737,99.065421
51.42625371827412,91.588785,57.56244525633809,97.196262
50.95239277157361,75.700935,55.2704162802817,85.046729
51.61486325634521,76.635514,56.97122788028176,88.571429
51.67941952791872,86.915888,55.942791952112756,97.196262
48.26757669289339,85.185185,58.671627014084464,95.454545
51.405696220812175,85.981308,54.327664273239435,90.654206
46.79347461928934,83.185841,54.10731011690149,93.80531
47.88859992893404,81.415929,54.47653056197192,93.80531
49.67908566751267,77.777778,57.81407732676059,94.690265
54.433286860406085,80.530973,58.828635954929574,92.857143
50.31885041370558,88.888889,61.04090225070426,97.321429
52.1826529365482,76.99115,57.34831528732394,94.690265
52.0281936142132,85.981308,55.84585825352121,90.654206
50.442195482233515,91.666667,59.82475267887327,95.535714
48.3646614238579,74.074074,55.446595294366205,92.035398
37.280577289340165,59.793814,37.91283767042251,98.181818
51.076812794416206,80.18018,57.4722945521126,84.684685
49.97521264467,75.238095,58.37493177464792,95.327103
49.38904912690351,87.850467,54.73618079295778,91.588785
51.636838368020264,77.142857,59.58785759999997,93.518519
36.38207798477162,59.793814,35.70623954647888,91.818182
50.22156706852791,93.518519,59.763860928169066,96.428571
51.085734109137015,96.296296,60.526618447887266,96.428571
51.992519639593915,80.530973,58.76170916197179,93.80531
54.33511736040616,81.415929,60.620557645070406,93.80531
49.61617131472084,85.981308,55.411436260563455,90.654206
48.8455937309645,77.981651,52.932515001408476,91.509434
51.385719246192856,98.148148,57.499014698591544,95.327103
48.8455937309645,77.981651,52.932515001408476,91.509434
50.16178348477156,68.571429,55.048454804225244,97.222222
50.16178348477156,68.571429,55.048454804225244,97.222222
50.16178348477156,68.571429,55.048454804225244,97.222222
50.16178348477156,68.571429,55.048454804225244,97.222222
49.145587616751236,87.037037,59.91869625352119,94.736842
48.56073529949233,83.809524,55.924560959154924,94.444444
52.578609507614196,68.867925,56.789679229577594,99.038462
51.74213571319798,67.307692,55.48053288873233,99.038462
51.96413051776654,68.269231,56.01932603943649,98.076923
49.861609177664945,89.814815,59.13008527042254,93.75
50.22156706852791,93.518519,59.763860928169066,96.428571
49.20424990609133,65.486726,55.96368898028173,97.345133
56.237155071066006,80.701754,61.105213360563376,99.090909
57.46499065482228,95.37037,58.85449355352107,76.635514
51.068985,95.918367,56.93699944366207,96.428571
57.46499065482228,95.37037,58.85449355352107,76.635514
50.901613477157326,94.444444,60.70446919859153,98.214286
56.27748722588837,77.142857,58.3201127140844,94.392523
50.26271350761422,67.592593,54.850639229577425,98.148148
50.56056577918781,67.619048,55.50672614788728,99.074074
50.20286490862943,69.444444,55.25748231830977,97.222222
49.66450282994924,66.666667,54.6118224478872,98.148148
51.09241019289337,68.571429,55.38484914084494,97.222222
51.09241019289337,68.571429,55.38484914084494,97.222222
50.55095554568528,67.619048,55.47011256338024,99.074074
36.370590281725946,59.793814,36.20469108309851,96.428571
48.44098830456849,67.28972,53.90605135070413,96.296296
48.384767073604046,66.666667,53.506675049295694,96.296296
48.384767073604046,66.666667,53.506675049295694,96.296296
45.98476641624361,65.420561,51.1814305,96.296296
46.62953039340105,65.420561,52.21173260985914,96.296296
48.384767073604046,66.666667,53.506675049295694,96.296296
53.37229572335032,77.192982,59.18213105070416,96.491228
53.57473120050763,78.070175,59.311893284507136,94.736842
53.67115378172586,78.947368,60.099548729577506,98.214286
48.21382674873097,66.35514,53.02076108732398,94.285714
53.33191618020307,77.876106,59.11743920845079,93.80531
50.555051868020286,70.093458,54.80501828591553,87.850467
51.11294987563451,75.700935,56.27294701690146,94.623656
51.26852104314732,98.130841,54.358077721126804,97.196262
50.3203981598985,80.0,59.1299771971832,92.45283
53.094383857868074,81.904762,61.320447370422656,99.065421
49.841964073604125,77.142857,58.57979301408456,88.461538
50.69008276649747,79.047619,60.04085236478879,86.792453
50.65931093908626,92.592593,60.05588489014086,94.642857
50.82507420050755,93.518519,60.1278665507043,95.535714
50.191833502537975,87.037037,60.34879337887327,94.0
49.361458073604076,88.990826,51.749846250704174,88.785047
